{
  "type": "smelting",
  "ingredient": [
    {
      "item": "minecraft:baked_potato"
    },
    {
      "item": "minecraft:chicken"
    },
    {
      "item": "minecraft:cod"
    },
    {
      "item": "minecraft:kelp"
    },
    {
      "item": "minecraft:mutton"
    },
    {
      "item": "minecraft:porkchop"
    },
    {
      "item": "minecraft:rabbit"
    },
    {
      "item": "minecraft:salmon"
    },
    {
      "item": "minecraft:beef"
	}
  ],
  "result": "minecraft:charcoal",
  "experience": 0.0,
  "cookingtime": 200
}