{
  "type": "minecraft:block",
  "pools": [
    {
      "rolls": 1,
      "entries": [
        {
          "type": "minecraft:alternatives",
          "children": [
			{
              "type": "minecraft:item",
              "functions": [
                {
                  "function": "minecraft:set_count",
                  "count": {
                    "min": 3.0,
                    "max": 6.0,
                    "type": "minecraft:uniform"
                  }
                }
              ],
              "conditions": [
                {
                  "condition": "minecraft:match_tool",
                  "predicate": {
                    "item": "minecraft:stone_pickaxe"
                  }
                }
              ],
              "name": "minecraft:iron_nugget"
            },
            {
              "type": "minecraft:item",
              "name": "minecraft:iron_ore"
            }
          ]
        }
      ]
    }
  ]
}