{  
   "type":"minecraft:block",
   "pools":[  
      {  
         "rolls":1,
         "entries":[  
            {  
               "type":"minecraft:alternatives",
               "children":[  
                  {  
                     "type":"minecraft:item",
                     "name":"minecraft:azure_bluet",
                     "conditions":[  
                        {  
                           "condition":"minecraft:match_tool",
                           "predicate":{  
                              "tag":"minecraft:hoe"
                           }
                        }
                     ]
                  },
                  {  
                     "type":"minecraft:item",
                     "name":"minecraft:light_gray_dye"
                  }
               ]
            }
         ],
         "conditions":[  
            {  
               "condition":"minecraft:survives_explosion"
            }
         ]
      }
   ]
}