{
  "type": "minecraft:block",
  "pools": [
	{
      "rolls": 1.0,
      "entries": [
        {
			"type": "minecraft:item",
			"name": "minecraft:beetroot_seeds"
			}
		]
	},
    {
      "rolls": 1.0,
      "entries": [
			{
				"type": "minecraft:item",
				"name": "minecraft:beetroot",
				"conditions": [
					{
					"condition": "minecraft:block_state_property",
					"block": "minecraft:beetroots",
					"properties": {
						"age": "3"
						}
					}
				]
			}
		]
    },
	{
      "rolls": 1.0,
      "entries": [
		{
          "type": "minecraft:item",
          "name": "minecraft:beetroot",
          "conditions": [
            {
               "condition": "minecraft:block_state_property",
               "block": "minecraft:beetroots",
               "properties": {
                 "age": "3"
              }
            },
			{
               "condition": "minecraft:match_tool",
               "predicate": {
					"item": "minecraft:wooden_hoe"
              }
            }
          ],
            "functions": [
				{
					"function": "minecraft:set_count",
					"count": {
						"min": 1.0,
						"max": 2.0,
						"type": "minecraft:uniform"
						}
				}
            ]
        }
      ]
    },
	{
      "rolls": 1.0,
      "entries": [
		{
          "type": "minecraft:item",
          "name": "minecraft:beetroot",
          "conditions": [
            {
               "condition": "minecraft:block_state_property",
               "block": "minecraft:beetroots",
               "properties": {
                 "age": "3"
              }
            },
			{
               "condition": "minecraft:match_tool",
               "predicate": {
					"item": "minecraft:stone_hoe"
              }
            }
          ],
            "functions": [
				{
					"function": "minecraft:set_count",
					"count": {
						"min": 2.0,
						"max": 3.0,
						"type": "minecraft:uniform"
						}
				}
            ]
        }
      ]
    },
	{
      "rolls": 1.0,
      "entries": [
		{
          "type": "minecraft:item",
          "name": "minecraft:beetroot",
          "conditions": [
            {
               "condition": "minecraft:block_state_property",
               "block": "minecraft:beetroots",
               "properties": {
                 "age": "3"
              }
            },
			{
               "condition": "minecraft:match_tool",
               "predicate": {
					"item": "minecraft:iron_hoe"
              }
            }
          ],
            "functions": [
				{
					"function": "minecraft:set_count",
					"count": {
						"min": 3.0,
						"max": 4.0,
						"type": "minecraft:uniform"
						}
				}
            ]
        }
      ]
    },
	{
      "rolls": 1.0,
      "entries": [
		{
          "type": "minecraft:item",
          "name": "minecraft:beetroot",
          "conditions": [
            {
               "condition": "minecraft:block_state_property",
               "block": "minecraft:beetroots",
               "properties": {
                 "age": "3"
              }
            },
			{
               "condition": "minecraft:match_tool",
               "predicate": {
					"item": "minecraft:golden_hoe"
              }
            }
          ],
            "functions": [
				{
					"function": "minecraft:set_count",
					"count": {
						"min": 0.0,
						"max": 5.0,
						"type": "minecraft:uniform"
						}
				}
            ]
        }
      ]
    },
	{
      "rolls": 1.0,
      "entries": [
		{
          "type": "minecraft:item",
          "name": "minecraft:beetroot",
          "conditions": [
            {
               "condition": "minecraft:block_state_property",
               "block": "minecraft:beetroots",
               "properties": {
                 "age": "3"
              }
            },
			{
               "condition": "minecraft:match_tool",
               "predicate": {
					"item": "minecraft:diamond_hoe"
              }
            }
          ],
            "functions": [
				{
					"function": "minecraft:set_count",
					"count": {
						"min": 4.0,
						"max": 5.0,
						"type": "minecraft:uniform"
						}
				}
            ]
        }
      ]
    },
	{
      "rolls": 1.0,
      "entries": [
        {
			"type": "minecraft:item",
			"name": "minecraft:beetroot_seeds",
			"conditions": [
				{
					"condition": "minecraft:match_tool",
					"predicate": {
						"tag": "minecraft:hoe"
					}
				}
			],
              "functions": [
                {
                  "function": "minecraft:set_count",
                  "count": {
                    "min": 1.0,
                    "max": 2.0,
                    "type": "minecraft:uniform"
                  }
                }
              ]
			}
		]
	},
    {
      "rolls": 1.0,
      "entries": [
        {
          "type": "minecraft:item",
          "functions": [
            {
              "function": "minecraft:apply_bonus",
              "enchantment": "minecraft:fortune",
              "formula": "minecraft:binomial_with_bonus_count",
              "parameters": {
                "extra": 3,
                "probability": 0.5714286
              }
            }
          ],
          "name": "minecraft:beetroot"
        }
      ],
      "conditions": [
        {
          "condition": "minecraft:block_state_property",
          "block": "minecraft:beetroots",
          "properties": {
            "age": "3"
          }
        },
		{
                  "condition": "minecraft:match_tool",
                  "predicate": {
						"tag": "minecraft:hoe"
                  }
                }
      ]
    }
	],
  "functions": [
    {
      "function": "minecraft:explosion_decay"
    }
  ]
}