{
  "type": "minecraft:block",
  "pools": [
	{
	  "rolls": 1,
	  "entries": [
		{
			  "type": "minecraft:item",
			  "conditions": [
				{
				  "condition": "minecraft:match_tool",
				  "predicate": {
					"enchantments": [
					  {
						"enchantment": "minecraft:silk_touch",
						"levels": {
						  "min": 1
						}
					  }
					]
				  }
				}
			  ],
			  "name": "minecraft:clay"
			},
			{
			  "type": "minecraft:item",
			  "functions": [
				{
				  "function": "minecraft:set_count",
				  "count": 4
				},
				{
				  "function": "minecraft:explosion_decay"
				}
			  ],
				"conditions": [
					{
						"condition": "minecraft:inverted",
						"term": {
							"condition": "minecraft:match_tool",
							"predicate": {
								"enchantments": [
									{
										"enchantment": "minecraft:silk_touch",
										"levels": {
										"min": 1
										}
									}
								]
							}
						}
					}
				],
			  "name": "minecraft:clay_ball"
			},
			{
				"type": "minecraft:item",
				"name": "minecraft:iron_nugget",
					"conditions": [
					{
					"condition": "minecraft:survives_explosion"
					},
					{
						"condition": "minecraft:table_bonus",
						"enchantment": "minecraft:fortune",
						"chances": [
							0.1,
							0.14285715,
							0.25,
							1.0
						]
					}
				]
			}
		
	  ]
	}
  ]
}