{
  "type": "minecraft:block",
  "pools": [
    {
      "rolls": 1,
      "entries": [
        {
          "type": "minecraft:item",
          "conditions": [
            {
              "condition": "minecraft:random_chance",
              "chance": 0.225
            },
			{
				"condition": "minecraft:match_tool",
				"predicate": {
				"tag": "minecraft:hoe"
				}
            }
          ],
          "functions": [
            {
              "function": "minecraft:apply_bonus",
              "enchantment": "minecraft:fortune",
              "formula": "minecraft:uniform_bonus_count",
              "parameters": {
                "bonusMultiplier": 2
              }
            },
            {
              "function": "minecraft:explosion_decay"
            }
          ],
          "name": "minecraft:wheat_seeds"
        },
		{
          "type": "minecraft:item",
          "conditions": [
            {
              "condition": "minecraft:random_chance",
              "chance": 0.08
            },
			{
				"condition": "minecraft:match_tool",
				"predicate": {
				"tag": "minecraft:hoe"
				}
            }
          ],
          "functions": [
            {
              "function": "minecraft:apply_bonus",
              "enchantment": "minecraft:fortune",
              "formula": "minecraft:uniform_bonus_count",
              "parameters": {
                "bonusMultiplier": 2
              }
            },
            {
              "function": "minecraft:explosion_decay"
            }
          ],
          "name": "minecraft:pumpkin_seeds"
        },
		{
          "type": "minecraft:item",
          "conditions": [
            {
              "condition": "minecraft:random_chance",
              "chance": 0.08
            },
			{
				"condition": "minecraft:match_tool",
				"predicate": {
				"tag": "minecraft:hoe"
				}
            }
          ],
          "functions": [
            {
              "function": "minecraft:apply_bonus",
              "enchantment": "minecraft:fortune",
              "formula": "minecraft:uniform_bonus_count",
              "parameters": {
                "bonusMultiplier": 2
              }
            },
            {
              "function": "minecraft:explosion_decay"
            }
          ],
          "name": "minecraft:melon_seeds"
        },
		{
          "type": "minecraft:item",
          "conditions": [
            {
              "condition": "minecraft:random_chance",
              "chance": 0.08
            },
			{
				"condition": "minecraft:match_tool",
				"predicate": {
				"tag": "minecraft:hoe"
				}
            }
          ],
          "functions": [
            {
              "function": "minecraft:apply_bonus",
              "enchantment": "minecraft:fortune",
              "formula": "minecraft:uniform_bonus_count",
              "parameters": {
                "bonusMultiplier": 2
              }
            },
            {
              "function": "minecraft:explosion_decay"
            }
          ],
          "name": "minecraft:beetroot_seeds"
        }
      ]
    }
  ]
}