{  
   "type":"minecraft:block",
   "pools":[  
      {  
         "rolls":1,
         "entries":[  
            {  
               "type":"minecraft:alternatives",
               "children":[  
                  {  
                     "type":"minecraft:item",
                     "conditions":[  
                        {  
                           "condition":"minecraft:block_state_property",
                           "block":"minecraft:peony",
                           "properties":{  
                              "half":"lower"
                           }
                        },
                        {  
                           "condition":"minecraft:match_tool",
                           "predicate":{  
                              "tag":"minecraft:hoe"
                           }
                        }
                     ],
                     "name":"minecraft:peony"
                  },
                  {  
                     "type":"minecraft:item",
                     "name":"minecraft:pink_dye"
                  }
               ]
            }
         ],
         "conditions":[  
            {  
               "condition":"minecraft:survives_explosion"
            }
         ]
      }
   ]
}