{
  "type": "minecraft:block",
  "pools": [
    {
      "rolls": 1,
      "entries": [
        {
          "type": "minecraft:item",
          "name": "minecraft:red_sand",
		  "conditions": [
                {
                  "condition": "minecraft:match_tool",
                  "predicate": {
						"tag": "minecraft:shovel"
                  }
                }
			]
        }
      ],
      "conditions": [
        {
          "condition": "minecraft:survives_explosion"
        }
      ]
    }
  ]
}