{
  "type": "minecraft:block",
  "pools": [
	{
		"rolls": 1,
		"entries": [
			{
				"type": "minecraft:item",
				"name": "minecraft:sand",
					"conditions": [
						{
							"condition": "minecraft:survives_explosion"
						}
					]
			},
			{
				"type": "minecraft:item",
				"name": "minecraft:gold_nugget",
					"conditions": [
						{
						"condition": "minecraft:survives_explosion"
						},
						{
							"condition": "minecraft:location_check",
							"predicate": {
							"biome": "minecraft:river"
							}
						},
						{
							"condition": "minecraft:table_bonus",
							"enchantment": "minecraft:fortune",
							"chances": [
								0.1,
								0.14285715,
								0.25,
								1.0
							]
						}
					]
			}
	  ]
	}
  ]
}