{
  "type": "minecraft:block",
  "pools": [
    {
      "rolls": 1,
      "entries": [
        {
          "type": "minecraft:item",
          "name": "minecraft:spruce_log",
		  "conditions": [
                {
                  "condition": "minecraft:match_tool",
                  "predicate": {
						"tag": "minecraft:axe"
                  }
                }
              ]
        }
      ],
      "conditions": [
        {
          "condition": "minecraft:survives_explosion"
        }
      ]
    },
	{
      "rolls": 1,
      "entries": [
        {
          "type": "minecraft:item",
          "name": "minecraft:stick",
		  "conditions": [
                {
				"condition": "minecraft:inverted",
                 "term": { "condition": "minecraft:match_tool",
                  "predicate": {
						"tag": "minecraft:axe"
                  }
                }
				}
              ],
		  "functions": [
                {
                  "function": "minecraft:set_count",
                  "count": {
                    "min": 0.0,
                    "max": 2.0,
                    "type": "minecraft:uniform"
                  }
                }
              ]
			}
		]
    }
  ]
}