{
  "type": "minecraft:block",
  "pools": [
    {
      "rolls": 1,
      "entries": [
		{
			"type": "minecraft:alternatives",
			"children": [
				{
					"type": "minecraft:item",
					"name": "minecraft:wither_rose",
					"conditions": [
						{
							"condition": "minecraft:match_tool",
							"predicate": {
								"tag": "minecraft:hoe"
							}
						}
					]
				},
				{
					"type": "minecraft:item",
					"name": "minecraft:black_dye",
					"functions": [
                        {
                            "function": "set_nbt",
                            "tag": "{CustomModelData:1}"
                        },
						{
                            "function": "set_name",
                            "name": "§rBlack Dye"
                        }
					]
				}
			]
		}
      ],
      "conditions": [
        {
          "condition": "minecraft:survives_explosion"
        }
      ]
    }
  ]
}