{  
   "type":"minecraft:fishing",
   "pools":[  
      {  
         "rolls":1.0,
         "entries":[  
            {  
               "type":"minecraft:item",
               "conditions":[  
                  {  
                     "condition":"minecraft:alternative",
                     "terms":[  
                        {  
                           "condition":"minecraft:location_check",
                           "predicate":{  
                              "biome":"minecraft:ocean"
                           }
                        },
                        {  
                           "condition":"minecraft:location_check",
                           "predicate":{  
                              "biome":"minecraft:cold_ocean"
                           }
                        },
                        {  
                           "condition":"minecraft:location_check",
                           "predicate":{  
                              "biome":"minecraft:deep_cold_ocean"
                           }
                        },
                        {  
                           "condition":"minecraft:location_check",
                           "predicate":{  
                              "biome":"minecraft:deep_ocean"
                           }
                        },
                        {  
                           "condition":"minecraft:location_check",
                           "predicate":{  
                              "biome":"minecraft:lukewarm_ocean"
                           }
                        },
                        {  
                           "condition":"minecraft:location_check",
                           "predicate":{  
                              "biome":"minecraft:deep_lukewarm_ocean"
                           }
                        }
                     ]
                  }
               ],
               "weight":60,
               "name":"minecraft:cod"
            },
            {  
               "type":"minecraft:item",
               "conditions":[  
                  {  
                     "condition":"minecraft:alternative",
                     "terms":[  
                        {  
                           "condition":"minecraft:location_check",
                           "predicate":{  
                              "biome":"minecraft:cold_ocean"
                           }
                        },
                        {  
                           "condition":"minecraft:location_check",
                           "predicate":{  
                              "biome":"minecraft:deep_cold_ocean"
                           }
                        },
                        {  
                           "condition":"minecraft:location_check",
                           "predicate":{  
                              "biome":"minecraft:frozen_ocean"
                           }
                        },
                        {  
                           "condition":"minecraft:location_check",
                           "predicate":{  
                              "biome":"minecraft:deep_frozen_ocean"
                           }
                        },
                        {  
                           "condition":"minecraft:location_check",
                           "predicate":{  
                              "biome":"minecraft:river"
                           }
                        },
                        {  
                           "condition":"minecraft:location_check",
                           "predicate":{  
                              "biome":"minecraft:frozen_river"
                           }
                        }
                     ]
                  }
               ],
               "weight":25,
               "name":"minecraft:salmon"
            },
            {  
               "type":"minecraft:item",
               "conditions":[  
                  {  
                     "condition":"minecraft:alternative",
                     "terms":[  
                        {  
                           "condition":"minecraft:location_check",
                           "predicate":{  
                              "biome":"minecraft:warm_ocean"
                           }
                        },
                        {  
                           "condition":"minecraft:location_check",
                           "predicate":{  
                              "biome":"minecraft:lukewarm_ocean"
                           }
                        },
                        {  
                           "condition":"minecraft:location_check",
                           "predicate":{  
                              "biome":"minecraft:deep_lukewarm_ocean"
                           }
                        }
                     ]
                  }
               ],
               "weight":10,
               "name":"minecraft:tropical_fish"
            },
            {  
               "type":"minecraft:item",
               "conditions":[  
                  {  
                     "condition":"minecraft:alternative",
                     "terms":[  
                        {  
                           "condition":"minecraft:location_check",
                           "predicate":{  
                              "biome":"minecraft:warm_ocean"
                           }
                        },
                        {  
                           "condition":"minecraft:location_check",
                           "predicate":{  
                              "biome":"minecraft:lukewarm_ocean"
                           }
                        },
                        {  
                           "condition":"minecraft:location_check",
                           "predicate":{  
                              "biome":"minecraft:deep_lukewarm_ocean"
                           }
                        }
                     ]
                  }
               ],
               "weight":13,
               "name":"minecraft:pufferfish"
            },
            {  
               "type":"minecraft:item",
               "weight":30,
               "name":"minecraft:tropical_fish",
               "functions":[  
                  {  
                     "function":"set_nbt",
                     "tag":"{CustomModelData:1}"
                  },
                  {  
                     "function":"set_name",
                     "name":"§rCarp"
                  }
               ]
            }
         ]
      }
   ]
}