{
    "pools": [
        {
            "rolls": {
                "min": 1,
                "max": 6
            },
            "entries": [
                {
                    "type": "item",
                    "weight": 40,
                    "name": "minecraft:cod",
                    "functions": [
                        {
                            "function": "set_count",
                            "count": {
                                "min": 1,
                                "max": 3
                            }
                        }
                    ]
                },
                {
                    "type": "item",
                    "weight": 20,
                    "name": "minecraft:salmon",
                    "functions": [
                        {
                            "function": "set_count",
                            "count": {
                                "min": 1,
                                "max": 2
                            }
                        }
                    ]
                },
                {
                    "type": "item",
                    "weight": 10,
                    "name": "minecraft:fishing_rod"
                }
            ]
        }
    ]
}