{  
   "type":"minecraft:fishing",
   "pools":[  
      {  
         "rolls":1,
         "entries":[  
            {  
               "type":"minecraft:loot_table",
               "weight":15,
               "quality":-2,
               "name":"minecraft:gameplay/fishing/junk"
            },
            {  
               "type":"minecraft:loot_table",
               "weight":5,
               "quality":2,
               "name":"minecraft:gameplay/fishing/treasure"
            },
            {  
               "type":"minecraft:loot_table",
               "weight":80,
               "quality":-1,
               "name":"minecraft:gameplay/fishing/fish"
            }
         ],
         "conditions":[  
            {  
               "condition":"minecraft:inverted",
               "term":{  
                  "condition":"minecraft:match_tool",
                  "predicate":{  
                     "nbt":"{btb:1b}"
                  }
               }
            }
         ]
      },
      {  
         "rolls":1,
         "entries":[  
            {  
               "type":"minecraft:loot_table",
               "weight":5,
               "quality":-2,
               "name":"minecraft:gameplay/fishing/junk"
            },
            {  
               "type":"minecraft:loot_table",
               "weight":30,
               "quality":2,
               "name":"minecraft:gameplay/fishing/treasure"
            },
            {  
               "type":"minecraft:loot_table",
               "weight":65,
               "quality":-1,
               "name":"minecraft:gameplay/fishing/fish"
            }
         ],
         "conditions":[  
            {  
               "condition":"minecraft:match_tool",
               "predicate":{  
                  "item":"minecraft:fishing_rod",
                  "nbt":"{CustomModelData:1}"
               }
            }
         ]
      },
      {  
         "rolls":1,
         "entries":[  
            {  
               "type":"minecraft:loot_table",
               "weight":45,
               "quality":2,
               "name":"minecraft:gameplay/fishing/treasure"
            },
            {  
               "type":"minecraft:loot_table",
               "weight":55,
               "quality":-1,
               "name":"minecraft:gameplay/fishing/fish"
            }
         ],
         "conditions":[  
            {  
               "condition":"minecraft:match_tool",
               "predicate":{  
                  "item":"minecraft:fishing_rod",
                  "nbt":"{CustomModelData:2}"
               }
            }
         ]
      }
   ]
}