{  
   "type":"minecraft:entity",
   "pools":[  
      {  
         "rolls":1,
         "entries":[  
            {  
               "type":"minecraft:item",
               "functions":[  
                  {  
                     "function":"minecraft:set_count",
                     "count":{  
                        "min":0.0,
                        "max":1.0,
                        "type":"minecraft:uniform"
                     }
                  },
                  {  
                     "function":"minecraft:looting_enchant",
                     "count":{  
                        "min":0.0,
                        "max":1.0
                     }
                  }
               ],
               "name":"minecraft:rabbit_foot",
               "functions":[  
                  {  
                     "function":"set_nbt",
                     "tag":"{CustomModelData:1}"
                  },
                  {  
                     "function":"set_name",
                     "name":"§rWool of Bat"
                  }
               ]
            },
            {  
               "type":"minecraft:item",
               "name":"minecraft:player_head",
               "functions":[  
                  {  
                     "function":"set_nbt",
                     "tag":"{SkullOwner:{Id:\"e2d4c388-42d5-4a96-b4c9-623df7f5e026\",Properties:{textures:[{Value:\"eyJ0ZXh0dXJlcyI6eyJTS0lOIjp7InVybCI6Imh0dHA6Ly90ZXh0dXJlcy5taW5lY3JhZnQubmV0L3RleHR1cmUvNGNmMWIzYjNmNTM5ZDJmNjNjMTcyZTk0Y2FjZmFhMzkxZThiMzg1Y2RkNjMzZjNiOTkxYzc0ZTQ0YjI4In19fQ==\"}]}}}"
                  },
                  {  
                     "function":"set_name",
                     "name":"§rBat Head"
                  }
               ],
               "conditions":[  
                  {  
                     "condition":"killed_by_player"
                  }
               ]
            }
         ]
      }
   ]
}