{
  "type": "minecraft:entity",
  "pools": [
    {
      "rolls": 1,
      "entries": [
        {
          "type": "minecraft:item",
          "functions": [
            {
              "function": "minecraft:set_count",
              "count": {
                "min": 1.0,
                "max": 2.0,
                "type": "minecraft:uniform"
              }
            },
            {
              "function": "minecraft:looting_enchant",
              "count": {
                "min": 0.0,
                "max": 1.0
              }
            },
			{
				"function": "minecraft:limit_count",
				"limit": {
				"max": 2
				}
			}
          ],
          "name": "minecraft:ghast_tear",
		  "functions": [
                        {
                            "function": "set_nbt",
                            "tag": "{CustomModelData:1}"
                        },
						{
                            "function": "set_name",
                            "name": "§rEye of Newt"
                        }
                    ]
        }
      ]
    }
  ]
}