{  
   "type":"minecraft:entity",
   "pools":[  
      {  
         "rolls":1,
         "entries":[  
            {  
               "type":"minecraft:item",
               "functions":[  
                  {  
                     "function":"minecraft:set_count",
                     "count":{  
                        "min":-1.0,
                        "max":1.0,
                        "type":"minecraft:uniform"
                     }
                  },
                  {  
                     "function":"minecraft:looting_enchant",
                     "count":{  
                        "min":0.0,
                        "max":1.0
                     }
                  }
               ],
               "name":"minecraft:coal",
               "functions":[  
                  {  
                     "function":"set_nbt",
                     "tag":"{CustomModelData:1}"
                  },
                  {  
                     "function":"set_name",
                     "name":"§rCharred Bone"
                  }
               ]
            }
         ]
      },
      {  
         "rolls":1,
         "entries":[  
            {  
               "type":"minecraft:alternatives",
               "children":[  
                  {  
                     "type":"minecraft:item",
                     "name":"minecraft:wither_skeleton_skull",
                     "functions":[  
                        {  
                           "function":"set_nbt",
                           "tag":"{AttributeModifiers:[{AttributeName:\"generic.armor\",Name:\"generic.armor\",Amount:2,Operation:0,UUIDLeast:92045,UUIDMost:500638,Slot:\"head\"}]}"
                        }
                     ],
                     "conditions":[  
                        {  
                           "condition":"minecraft:killed_by_player"
                        },
                        {  
                           "condition":"minecraft:random_chance_with_looting",
                           "chance":0.025,
                           "looting_multiplier":0.01
                        }
                     ]
                  }
               ]
            }
         ]
      }
   ]
}