{
  "type": "minecraft:entity",
  "pools": [
	{
	  "rolls": 1,
	  "entries": [
		{
		  "type": "minecraft:item",
		  "functions": [
			{
			  "function": "minecraft:set_count",
			  "count": {
				"min": 0.0,
				"max": 1.0,
				"type": "minecraft:uniform"
			  }
			},
			{
			  "function": "minecraft:looting_enchant",
			  "count": {
				"min": 0.0,
				"max": 1.0
			  }
			},
			{
				"function": "set_nbt",
				"tag": "{CustomModelData:1}"
			},
			{
				"function": "set_name",
				"name": "§rSpoiled Porkchop"
			}
		  ],
		  "name": "minecraft:rotten_flesh"
		}
	  ]
	},
	{
	  "rolls": 1,
	  "entries": [
		{
		  "type": "minecraft:item",
		  "functions": [
			{
			  "function": "minecraft:set_count",
			  "count": {
				"min": 0.0,
				"max": 1.0,
				"type": "minecraft:uniform"
			  }
			},
			{
			  "function": "minecraft:looting_enchant",
			  "count": {
				"min": 0.0,
				"max": 1.0
			  }
			}
		  ],
		  "name": "minecraft:gold_nugget"
		}
	  ]
	},
	{
	  "rolls": 1,
	  "entries": [
		{
		  "type": "minecraft:item",
		  "name": "minecraft:gold_ingot"
		}
	  ],
	  "conditions": [
		{
		  "condition": "minecraft:killed_by_player"
		},
		{
		  "condition": "minecraft:random_chance_with_looting",
		  "chance": 0.025,
		  "looting_multiplier": 0.01
		}
	  ]
	}
  ]
}